<?xml version="1.0"?>
<!DOCTYPE feature_vector_file [
   <!ELEMENT feature_vector_file (comments, data_set+)>
   <!ELEMENT comments (#PCDATA)>
   <!ELEMENT data_set (data_set_id, section*, feature*)>
   <!ELEMENT data_set_id (#PCDATA)>
   <!ELEMENT section (feature+)>
   <!ATTLIST section start CDATA ""
                     stop CDATA "">
   <!ELEMENT feature (name, v+)>
   <!ELEMENT name (#PCDATA)>
   <!ELEMENT v (#PCDATA)>
]>

<feature_vector_file>

   <comments></comments>

	<data_set>
		<data_set_id>I:\DMIS Junior Honours\Music Analytics\Dead Already\Dead Already.mid</data_set_id>
		<feature>
			<name>Number of Pitches</name>
			<v>1.9E1</v>
		</feature>
		<feature>
			<name>Number of Pitch Classes</name>
			<v>9E0</v>
		</feature>
		<feature>
			<name>Range</name>
			<v>5E1</v>
		</feature>
		<feature>
			<name>Mean Pitch</name>
			<v>6.7E1</v>
		</feature>
		<feature>
			<name>Mean Pitch Class</name>
			<v>4.053E0</v>
		</feature>
		<feature>
			<name>Most Common Pitch</name>
			<v>6E1</v>
		</feature>
		<feature>
			<name>Most Common Pitch Class</name>
			<v>7E0</v>
		</feature>
		<feature>
			<name>Interval Between Most Prevalent Pitches</name>
			<v>1.9E1</v>
		</feature>
		<feature>
			<name>Pitch Variability</name>
			<v>7.498E0</v>
		</feature>
		<feature>
			<name>Pitch Class Variability</name>
			<v>3.323E0</v>
		</feature>
		<feature>
			<name>Major or Minor</name>
			<v>0E0</v>
		</feature>
		<feature>
			<name>First Pitch</name>
			<v>6E1</v>
		</feature>
		<feature>
			<name>Last Pitch</name>
			<v>6.3E1</v>
		</feature>
		<feature>
			<name>Most Common Melodic Interval</name>
			<v>7E0</v>
		</feature>
		<feature>
			<name>Distance Between Most Prevalent Melodic Intervals</name>
			<v>7E0</v>
		</feature>
		<feature>
			<name>Repeated Notes</name>
			<v>2.045E-1</v>
		</feature>
	</data_set>

</feature_vector_file>